Particle,Symbol,Mass_MeV,Lifetime_s,rx_scalar_cm,mx_scalar_g,t0_scalar_s,rx_quad_cm,mx_quad_g,t0_quad_s,ratio_rx_q_over_s,ratio_mx_q_over_s,Gamma_erg
Muon,μ,105.7,2.196981e-06,2.387155e-31,4.301309e-09,2.196981e-06,2.707894e-30,3.791835e-10,2.196981e-06,1.134361e+01,8.815538e-02,4.800099e-22
Tau,τ,1777,2.903000e-13,1.806591e-24,5.683571e-16,2.903000e-13,2.049326e-23,5.010374e-17,2.903000e-13,1.134361e+01,8.815538e-02,3.632699e-15
Pi0,π0,135,8.520000e-17,6.155556e-21,1.668068e-19,8.520000e-17,6.982621e-20,1.470492e-20,8.520000e-17,1.134361e+01,8.815538e-02,1.237761e-11
PiPlusMinus,π±,139.6,2.603300e-08,2.014571e-29,5.096811e-11,2.603300e-08,2.285251e-28,4.493113e-12,2.603300e-08,1.134361e+01,8.815538e-02,4.050907e-20
KPlusMinus,K±,493.677,1.238000e-08,4.236295e-29,2.423790e-11,1.238000e-08,4.805487e-28,2.136701e-12,1.238000e-08,1.134361e+01,8.815538e-02,8.518358e-20
K0S,K0S,497.611,8.953000e-11,5.857851e-27,1.752842e-13,8.953000e-11,6.644916e-26,1.545225e-14,8.953000e-11,1.134361e+01,8.815538e-02,1.177899e-17
K0L,K0L,497.611,5.116000e-08,1.025124e-29,1.001624e-10,5.116000e-08,1.162860e-28,8.829856e-12,5.116000e-08,1.134361e+01,8.815538e-02,2.061323e-20
Neutron,n,939.6,8.802000e+02,5.958343e-40,1.723279e+00,8.802000e+02,6.758910e-39,1.519163e-01,8.802000e+02,1.134361e+01,8.815538e-02,1.198106e-30
W,W±,80400,3.000000e-25,1.748178e-12,5.873481e-28,3.000000e-25,1.983064e-11,5.177789e-29,3.000000e-25,1.134361e+01,8.815538e-02,3.515242e-03
Z,Z0,91000,3.000000e-25,1.748178e-12,5.873481e-28,3.000000e-25,1.983064e-11,5.177789e-29,3.000000e-25,1.134361e+01,8.815538e-02,3.515242e-03
Higgs,H,125090,1.560000e-22,3.361881e-15,3.054210e-25,1.560000e-22,3.813585e-14,2.692450e-26,1.560000e-22,1.134361e+01,8.815538e-02,6.760081e-06
Top,t,172760,5.000000e-25,1.048907e-12,9.789134e-28,5.000000e-25,1.189839e-11,8.629648e-29,5.000000e-25,1.134361e+01,8.815538e-02,2.109145e-03
D0,D0,1864.83,4.101000e-13,1.278843e-24,8.029048e-16,4.101000e-13,1.450669e-23,7.078038e-17,4.101000e-13,1.134361e+01,8.815538e-02,2.571501e-15
DPlus,D+,1869.65,1.040000e-12,5.042821e-25,2.036140e-15,1.040000e-12,5.720378e-24,1.794967e-16,1.040000e-12,1.134361e+01,8.815538e-02,1.014012e-15
Ds,Ds,1968.34,5.000000e-13,1.048907e-24,9.789134e-16,5.000000e-13,1.189839e-23,8.629648e-17,5.000000e-13,1.134361e+01,8.815538e-02,2.109145e-15
Bplus,B+,5279.34,1.638000e-12,3.201791e-25,3.206920e-15,1.638000e-12,3.631986e-24,2.827073e-16,1.638000e-12,1.134361e+01,8.815538e-02,6.438173e-16
B0,B0,5279.65,1.517000e-12,3.457174e-25,2.970023e-15,1.517000e-12,3.921683e-24,2.618235e-16,1.517000e-12,1.134361e+01,8.815538e-02,6.951698e-16
Bs,Bs,5366.88,1.520000e-12,3.450351e-25,2.975897e-15,1.520000e-12,3.913943e-24,2.623413e-16,1.520000e-12,1.134361e+01,8.815538e-02,6.937978e-16
Bc,Bc,6274.9,5.100000e-13,1.028340e-24,9.984917e-16,5.100000e-13,1.166508e-23,8.802241e-17,5.100000e-13,1.134361e+01,8.815538e-02,2.067790e-15
Lambda_b,Λb,5619.6,1.470000e-12,3.567710e-25,2.878005e-15,1.470000e-12,4.047070e-24,2.537117e-16,1.470000e-12,1.134361e+01,8.815538e-02,7.173964e-16
Proton,p,938.272,1.000000e+32,5.244534e-69,1.957827e+29,1.000000e+32,5.949193e-68,1.725930e+28,1.000000e+32,1.134361e+01,8.815538e-02,1.054573e-59
